행정구역,시도명,시군구명,읍면동명,계
인천광역시-서구-당하동,인천광역시,서구,당하동,52548
인천광역시-미추홀구-숭의동,인천광역시,미추홀구,숭의동,46661
인천광역시-중구-중산동,인천광역시,중구,중산동,43341
인천광역시-연수구-옥련동,인천광역시,연수구,옥련동,39229
인천광역시-미추홀구-관교동,인천광역시,미추홀구,관교동,14860
인천광역시-남동구-장수동,인천광역시,남동구,장수동,5257
인천광역시-서구-금곡동,인천광역시,서구,금곡동,4670
인천광역시-옹진군-영흥면,인천광역시,옹진군,영흥면,4173
인천광역시-중구-도원동,인천광역시,중구,도원동,3967
인천광역시-부평구-구산동,인천광역시,부평구,구산동,2855
인천광역시-강화군-길상면,인천광역시,강화군,길상면,2324
인천광역시-강화군-강화읍,인천광역시,강화군,강화읍,2275
인천광역시-강화군-강화읍,인천광역시,강화군,강화읍,1357
인천광역시-옹진군-북도면,인천광역시,옹진군,북도면,989
인천광역시-계양구-다남동,인천광역시,계양구,다남동,783
인천광역시-강화군-양도면,인천광역시,강화군,양도면,496
인천광역시-강화군-선원면,인천광역시,강화군,선원면,477
인천광역시-강화군-송해면,인천광역시,강화군,송해면,476
인천광역시-강화군-양사면,인천광역시,강화군,양사면,440
인천광역시-강화군-강화읍,인천광역시,강화군,강화읍,359
