행정구역,시도명,시군구명,읍면동명,계
충청남도-천안시 서북구-와촌동,충청남도,천안시 서북구,와촌동,4429
충청남도-당진시-시곡동,충청남도,당진시,시곡동,3350
충청남도-예산군-삽교읍,충청남도,예산군,삽교읍,2055
충청남도-서산시-대산읍,충청남도,서산시,대산읍,1833
충청남도-보령시-청라면,충청남도,보령시,청라면,701
충청남도-태안군-근흥면,충청남도,태안군,근흥면,695
충청남도-공주시-유구읍,충청남도,공주시,유구읍,668
충청남도-태안군-남면,충청남도,태안군,남면,613
충청남도-아산시-인주면,충청남도,아산시,인주면,530
충청남도-서산시-해미면,충청남도,서산시,해미면,435
충청남도-태안군-이원면,충청남도,태안군,이원면,416
충청남도-논산시-채운면,충청남도,논산시,채운면,416
충청남도-서산시-지곡면,충청남도,서산시,지곡면,370
충청남도-공주시-계룡면,충청남도,공주시,계룡면,342
충청남도-예산군-신양면,충청남도,예산군,신양면,313
충청남도-아산시-음봉면,충청남도,아산시,음봉면,304
