행정구역,시도명,시군구명,읍면동명,계
대전광역시-서구-갈마동,대전광역시,서구,갈마동,46120
대전광역시-유성구-봉명동,대전광역시,유성구,봉명동,27727
대전광역시-대덕구-중리동,대전광역시,대덕구,중리동,19365
대전광역시-유성구-송강동,대전광역시,유성구,송강동,18068
대전광역시-유성구-원신흥동,대전광역시,유성구,원신흥동,15118
대전광역시-서구-만년동,대전광역시,서구,만년동,12645
대전광역시-유성구-반석동,대전광역시,유성구,반석동,12600
대전광역시-유성구-죽동,대전광역시,유성구,죽동,11401
대전광역시-유성구-어은동,대전광역시,유성구,어은동,9905
대전광역시-유성구-도룡동,대전광역시,유성구,도룡동,8402
대전광역시-동구-신흥동,대전광역시,동구,신흥동,7618
대전광역시-중구-부사동,대전광역시,중구,부사동,6683
대전광역시-중구-문창동,대전광역시,중구,문창동,4520
대전광역시-중구-호동,대전광역시,중구,호동,2821
대전광역시-대덕구-신대동,대전광역시,대덕구,신대동,1369
대전광역시-동구-신안동,대전광역시,동구,신안동,677
대전광역시-동구-대별동,대전광역시,동구,대별동,509
대전광역시-동구-삼정동,대전광역시,동구,삼정동,386
대전광역시-동구-이사동,대전광역시,동구,이사동,351
대전광역시-유성구-세동,대전광역시,유성구,세동,346
