행정구역,시도명,시군구명,읍면동명,계
부산광역시-연제구-연산동,부산광역시,연제구,연산동,145281
부산광역시-해운대구-반여동,부산광역시,해운대구,반여동,70293
부산광역시-사하구-괴정동,부산광역시,사하구,괴정동,58843
부산광역시-영도구-동삼동,부산광역시,영도구,동삼동,40848
부산광역시-수영구-망미동,부산광역시,수영구,망미동,37761
부산광역시-사하구-신평동,부산광역시,사하구,신평동,34192
부산광역시-금정구-남산동,부산광역시,금정구,남산동,27929
부산광역시-부산진구-초읍동,부산광역시,부산진구,초읍동,21706
부산광역시-서구-서대신동3가,부산광역시,서구,서대신동3가,15468
부산광역시-금정구-청룡동,부산광역시,금정구,청룡동,8968
부산광역시-동래구-복천동,부산광역시,동래구,복천동,5852
부산광역시-서구-서대신동1가,부산광역시,서구,서대신동1가,5686
부산광역시-영도구-봉래동4가,부산광역시,영도구,봉래동4가,5069
부산광역시-금정구-금사동,부산광역시,금정구,금사동,5045
부산광역시-영도구-신선동2가,부산광역시,영도구,신선동2가,3773
부산광역시-기장군-장안읍,부산광역시,기장군,장안읍,3080
부산광역시-영도구-대평동1가,부산광역시,영도구,대평동1가,1767
부산광역시-영도구-영선동3가,부산광역시,영도구,영선동3가,1762
부산광역시-기장군-기장읍,부산광역시,기장군,기장읍,1400
부산광역시-서구-충무동1가,부산광역시,서구,충무동1가,1216
부산광역시-서구-부민동1가,부산광역시,서구,부민동1가,1185
부산광역시-기장군-일광읍,부산광역시,기장군,일광읍,486
부산광역시-기장군-장안읍,부산광역시,기장군,장안읍,392
부산광역시-기장군-장안읍,부산광역시,기장군,장안읍,375
부산광역시-기장군-일광읍,부산광역시,기장군,일광읍,366
부산광역시-해운대구-석대동,부산광역시,해운대구,석대동,346
부산광역시-기장군-철마면,부산광역시,기장군,철마면,311
부산광역시-기장군-일광읍,부산광역시,기장군,일광읍,305
