행정구역,시도명,시군구명,읍면동명,계
서울특별시-관악구-신림동,서울특별시,관악구,신림동,244133
서울특별시-관악구-봉천동,서울특별시,관악구,봉천동,224939
서울특별시-노원구-상계동,서울특별시,노원구,상계동,200311
서울특별시-중랑구-면목동,서울특별시,중랑구,면목동,137100
서울특별시-구로구-구로동,서울특별시,구로구,구로동,116828
서울특별시-동작구-상도동,서울특별시,동작구,상도동,115508
서울특별시-강북구-수유동,서울특별시,강북구,수유동,104120
서울특별시-금천구-독산동,서울특별시,금천구,독산동,103698
서울특별시-노원구-중계동,서울특별시,노원구,중계동,103480
서울특별시-동작구-사당동,서울특별시,동작구,사당동,98389
서울특별시-구로구-개봉동,서울특별시,구로구,개봉동,84302
서울특별시-광진구-중곡동,서울특별시,광진구,중곡동,80773
서울특별시-강남구-대치동,서울특별시,강남구,대치동,80281
서울특별시-노원구-공릉동,서울특별시,노원구,공릉동,78528
서울특별시-광진구-구의동,서울특별시,광진구,구의동,78059
서울특별시-강서구-등촌동,서울특별시,강서구,등촌동,75019
서울특별시-중구-신당동,서울특별시,중구,신당동,69333
서울특별시-동대문구-답십리동,서울특별시,동대문구,답십리동,56864
서울특별시-은평구-진관동,서울특별시,은평구,진관동,55353
서울특별시-강서구-마곡동,서울특별시,강서구,마곡동,54719
서울특별시-강남구-도곡동,서울특별시,강남구,도곡동,54168
서울특별시-성북구-장위동,서울특별시,성북구,장위동,53435
서울특별시-강북구-번동,서울특별시,강북구,번동,50447
서울특별시-마포구-성산동,서울특별시,마포구,성산동,48567
서울특별시-노원구-하계동,서울특별시,노원구,하계동,48380
서울특별시-서초구-잠원동,서울특별시,서초구,잠원동,48300
서울특별시-구로구-고척동,서울특별시,구로구,고척동,48248
서울특별시-구로구-오류동,서울특별시,구로구,오류동,43976
서울특별시-강남구-삼성동,서울특별시,강남구,삼성동,43649
서울특별시-강동구-명일동,서울특별시,강동구,명일동,43078
서울특별시-동대문구-휘경동,서울특별시,동대문구,휘경동,38071
서울특별시-송파구-마천동,서울특별시,송파구,마천동,37052
서울특별시-은평구-녹번동,서울특별시,은평구,녹번동,36715
서울특별시-성북구-석관동,서울특별시,성북구,석관동,34785
서울특별시-강동구-강일동,서울특별시,강동구,강일동,33018
서울특별시-영등포구-여의도동,서울특별시,영등포구,여의도동,32728
서울특별시-은평구-구산동,서울특별시,은평구,구산동,32100
서울특별시-동작구-노량진동,서울특별시,동작구,노량진동,31499
서울특별시-동작구-흑석동,서울특별시,동작구,흑석동,31027
서울특별시-강남구-압구정동,서울특별시,강남구,압구정동,30468
서울특별시-성동구-성수동2가,서울특별시,성동구,성수동2가,26207
서울특별시-성동구-옥수동,서울특별시,성동구,옥수동,25764
서울특별시-동대문구-제기동,서울특별시,동대문구,제기동,24530
서울특별시-금천구-가산동,서울특별시,금천구,가산동,24162
서울특별시-용산구-한남동,서울특별시,용산구,한남동,20237
서울특별시-관악구-남현동,서울특별시,관악구,남현동,18100
서울특별시-구로구-천왕동,서울특별시,구로구,천왕동,16719
서울특별시-용산구-후암동,서울특별시,용산구,후암동,16602
서울특별시-마포구-대흥동,서울특별시,마포구,대흥동,16488
서울특별시-마포구-창전동,서울특별시,마포구,창전동,14988
서울특별시-강남구-세곡동,서울특별시,강남구,세곡동,14621
서울특별시-구로구-궁동,서울특별시,구로구,궁동,14182
서울특별시-종로구-평창동,서울특별시,종로구,평창동,12113
서울특별시-영등포구-양평동3가,서울특별시,영등포구,양평동3가,12053
서울특별시-강남구-신사동,서울특별시,강남구,신사동,11357
서울특별시-서대문구-창천동,서울특별시,서대문구,창천동,11178
서울특별시-동작구-본동,서울특별시,동작구,본동,11065
서울특별시-영등포구-문래동6가,서울특별시,영등포구,문래동6가,10770
서울특별시-동대문구-회기동,서울특별시,동대문구,회기동,10596
서울특별시-영등포구-당산동,서울특별시,영등포구,당산동,8217
서울특별시-용산구-한강로3가,서울특별시,용산구,한강로3가,8152
서울특별시-서초구-신원동,서울특별시,서초구,신원동,8017
서울특별시-용산구-한강로2가,서울특별시,용산구,한강로2가,7341
서울특별시-영등포구-양평동2가,서울특별시,영등포구,양평동2가,7163
서울특별시-영등포구-양평동4가,서울특별시,영등포구,양평동4가,6684
서울특별시-영등포구-당산동1가,서울특별시,영등포구,당산동1가,6660
서울특별시-용산구-원효로1가,서울특별시,용산구,원효로1가,6615
서울특별시-용산구-서빙고동,서울특별시,용산구,서빙고동,5858
서울특별시-동작구-동작동,서울특별시,동작구,동작동,5545
서울특별시-서대문구-현저동,서울특별시,서대문구,현저동,5117
서울특별시-마포구-현석동,서울특별시,마포구,현석동,5067
서울특별시-용산구-서계동,서울특별시,용산구,서계동,4956
서울특별시-종로구-명륜3가,서울특별시,종로구,명륜3가,4812
서울특별시-종로구-명륜1가,서울특별시,종로구,명륜1가,4289
서울특별시-종로구-부암동,서울특별시,종로구,부암동,4202
서울특별시-성동구-홍익동,서울특별시,성동구,홍익동,4004
서울특별시-성북구-안암동1가,서울특별시,성북구,안암동1가,3998
서울특별시-종로구-동숭동,서울특별시,종로구,동숭동,3741
서울특별시-영등포구-영등포동1가,서울특별시,영등포구,영등포동1가,3736
서울특별시-용산구-동자동,서울특별시,용산구,동자동,3662
서울특별시-용산구-동자동,서울특별시,용산구,동자동,3662
서울특별시-용산구-원효로4가,서울특별시,용산구,원효로4가,3649
서울특별시-성북구-삼선동4가,서울특별시,성북구,삼선동4가,3280
서울특별시-종로구-누상동,서울특별시,종로구,누상동,3235
서울특별시-성북구-동소문동4가,서울특별시,성북구,동소문동4가,3052
서울특별시-중구-장충동2가,서울특별시,중구,장충동2가,2984
서울특별시-종로구-충신동,서울특별시,종로구,충신동,2678
서울특별시-성북구-보문동3가,서울특별시,성북구,보문동3가,2588
서울특별시-성북구-동소문동7가,서울특별시,성북구,동소문동7가,2363
서울특별시-중구-흥인동,서울특별시,중구,흥인동,2305
서울특별시-용산구-신창동,서울특별시,용산구,신창동,2293
서울특별시-성북구-동선동2가,서울특별시,성북구,동선동2가,2134
서울특별시-성북구-보문동2가,서울특별시,성북구,보문동2가,2078
서울특별시-성북구-동선동5가,서울특별시,성북구,동선동5가,2025
서울특별시-용산구-원효로3가,서울특별시,용산구,원효로3가,1996
서울특별시-성북구-성북동1가,서울특별시,성북구,성북동1가,1967
서울특별시-성북구-보문동5가,서울특별시,성북구,보문동5가,1803
서울특별시-영등포구-영등포동3가,서울특별시,영등포구,영등포동3가,1694
서울특별시-강서구-개화동,서울특별시,강서구,개화동,1694
서울특별시-종로구-연건동,서울특별시,종로구,연건동,1651
서울특별시-중구-충무로4가,서울특별시,중구,충무로4가,1546
서울특별시-마포구-신정동,서울특별시,마포구,신정동,1543
서울특별시-마포구-하중동,서울특별시,마포구,하중동,1460
서울특별시-종로구-신교동,서울특별시,종로구,신교동,1394
서울특별시-종로구-삼청동,서울특별시,종로구,삼청동,1340
서울특별시-영등포구-영등포동4가,서울특별시,영등포구,영등포동4가,1335
서울특별시-중구-순화동,서울특별시,중구,순화동,1245
서울특별시-서대문구-충정로2가,서울특별시,서대문구,충정로2가,1179
서울특별시-성북구-보문동7가,서울특별시,성북구,보문동7가,1077
서울특별시-종로구-계동,서울특별시,종로구,계동,1074
서울특별시-성북구-안암동4가,서울특별시,성북구,안암동4가,955
서울특별시-중구-필동2가,서울특별시,중구,필동2가,927
서울특별시-중구-묵정동,서울특별시,중구,묵정동,903
서울특별시-종로구-효제동,서울특별시,종로구,효제동,871
서울특별시-종로구-연지동,서울특별시,종로구,연지동,844
서울특별시-마포구-구수동,서울특별시,마포구,구수동,751
서울특별시-용산구-청암동,서울특별시,용산구,청암동,654
서울특별시-종로구-신문로2가,서울특별시,종로구,신문로2가,630
서울특별시-종로구-효자동,서울특별시,종로구,효자동,573
서울특별시-중구-인현동2가,서울특별시,중구,인현동2가,443
서울특별시-서대문구-봉원동,서울특별시,서대문구,봉원동,387
서울특별시-중구-광희동1가,서울특별시,중구,광희동1가,384
서울특별시-중구-을지로5가,서울특별시,중구,을지로5가,373
서울특별시-중구-을지로3가,서울특별시,중구,을지로3가,326
