행정구역,시도명,시군구명,읍면동명,계
경기도-고양시 일산서구-주엽동,경기도,고양시 일산서구,주엽동,55822
경기도-수원시 권선구-세류동,경기도,수원시 권선구,세류동,52146
경기도-구리시-수택동,경기도,구리시,수택동,47138
경기도-용인시 수지구-동천동,경기도,용인시 수지구,동천동,46721
경기도-부천시-역곡동,경기도,부천시,역곡동,35118
경기도-성남시 중원구-은행동,경기도,성남시 중원구,은행동,33693
경기도-성남시 분당구-백현동,경기도,성남시 분당구,백현동,30610
경기도-구리시-갈매동,경기도,구리시,갈매동,30280
경기도-용인시 기흥구-보라동,경기도,용인시 기흥구,보라동,28944
경기도-남양주시-화도읍,경기도,남양주시,화도읍,23875
경기도-용인시 처인구-김량장동,경기도,용인시 처인구,김량장동,20279
경기도-성남시 중원구-하대원동,경기도,성남시 중원구,하대원동,20170
경기도-수원시 장안구-영화동,경기도,수원시 장안구,영화동,19654
경기도-오산시-오산동,경기도,오산시,오산동,19156
경기도-수원시 장안구-파장동,경기도,수원시 장안구,파장동,16643
경기도-오산시-수청동,경기도,오산시,수청동,16291
경기도-하남시-창우동,경기도,하남시,창우동,15562
경기도-이천시-부발읍,경기도,이천시,부발읍,11410
경기도-성남시 수정구-복정동,경기도,성남시 수정구,복정동,10897
경기도-양주시-백석읍,경기도,양주시,백석읍,9349
경기도-가평군-청평면,경기도,가평군,청평면,9143
경기도-시흥시-매화동,경기도,시흥시,매화동,8615
경기도-평택시-팽성읍,경기도,평택시,팽성읍,6010
경기도-연천군-전곡읍,경기도,연천군,전곡읍,5139
경기도-성남시 수정구-산성동,경기도,성남시 수정구,산성동,5124
경기도-양주시-백석읍,경기도,양주시,백석읍,4844
경기도-평택시-팽성읍,경기도,평택시,팽성읍,4587
경기도-평택시-지제동,경기도,평택시,지제동,4124
경기도-동두천시-보산동,경기도,동두천시,보산동,2870
경기도-파주시-파주읍,경기도,파주시,파주읍,2785
경기도-평택시-포승읍,경기도,평택시,포승읍,2504
경기도-양평군-양서면,경기도,양평군,양서면,1728
경기도-화성시-방교동,경기도,화성시,방교동,1640
경기도-안성시-죽산면,경기도,안성시,죽산면,1526
경기도-화성시-장안면,경기도,화성시,장안면,1454
경기도-이천시-부발읍,경기도,이천시,부발읍,1413
경기도-고양시 덕양구-현천동,경기도,고양시 덕양구,현천동,1394
경기도-김포시-양촌읍,경기도,김포시,양촌읍,1373
경기도-안성시-도기동,경기도,안성시,도기동,1306
경기도-고양시 덕양구-원당동,경기도,고양시 덕양구,원당동,1288
경기도-의왕시-이동,경기도,의왕시,이동,1223
경기도-평택시-현덕면,경기도,평택시,현덕면,1161
경기도-양주시-은현면,경기도,양주시,은현면,1132
경기도-양평군-양평읍,경기도,양평군,양평읍,993
경기도-양평군-용문면,경기도,양평군,용문면,976
경기도-연천군-청산면,경기도,연천군,청산면,940
경기도-광주시-도척면,경기도,광주시,도척면,911
경기도-포천시-군내면,경기도,포천시,군내면,895
경기도-성남시 수정구-상적동,경기도,성남시 수정구,상적동,856
경기도-평택시-포승읍,경기도,평택시,포승읍,806
경기도-연천군-연천읍,경기도,연천군,연천읍,762
경기도-가평군-가평읍,경기도,가평군,가평읍,685
경기도-용인시 처인구-남사읍,경기도,용인시 처인구,남사읍,666
경기도-이천시-설성면,경기도,이천시,설성면,627
경기도-성남시 중원구-갈현동,경기도,성남시 중원구,갈현동,625
경기도-화성시-배양동,경기도,화성시,배양동,600
경기도-양평군-양평읍,경기도,양평군,양평읍,586
경기도-가평군-청평면,경기도,가평군,청평면,580
경기도-포천시-화현면,경기도,포천시,화현면,577
경기도-평택시-포승읍,경기도,평택시,포승읍,564
경기도-평택시-현덕면,경기도,평택시,현덕면,560
경기도-화성시-남양읍,경기도,화성시,남양읍,559
경기도-안성시-삼죽면,경기도,안성시,삼죽면,557
경기도-고양시 덕양구-선유동,경기도,고양시 덕양구,선유동,543
경기도-고양시 덕양구-효자동,경기도,고양시 덕양구,효자동,543
경기도-포천시-영북면,경기도,포천시,영북면,532
경기도-화성시-장안면,경기도,화성시,장안면,511
경기도-김포시-통진읍,경기도,김포시,통진읍,505
경기도-화성시-향남읍,경기도,화성시,향남읍,499
경기도-파주시-탄현면,경기도,파주시,탄현면,496
경기도-시흥시-방산동,경기도,시흥시,방산동,488
경기도-파주시-서패동,경기도,파주시,서패동,487
경기도-포천시-일동면,경기도,포천시,일동면,483
경기도-양평군-개군면,경기도,양평군,개군면,475
경기도-양평군-강하면,경기도,양평군,강하면,473
경기도-여주시-대신면,경기도,여주시,대신면,473
경기도-평택시-청룡동,경기도,평택시,청룡동,467
경기도-김포시-월곶면,경기도,김포시,월곶면,395
경기도-양주시-광적면,경기도,양주시,광적면,374
경기도-안성시-미양면,경기도,안성시,미양면,371
경기도-이천시-설성면,경기도,이천시,설성면,359
경기도-안성시-양성면,경기도,안성시,양성면,349
경기도-포천시-영중면,경기도,포천시,영중면,344
경기도-화성시-팔탄면,경기도,화성시,팔탄면,342
경기도-포천시-창수면,경기도,포천시,창수면,326
경기도-화성시-매송면,경기도,화성시,매송면,312
경기도-화성시-서신면,경기도,화성시,서신면,308
경기도-화성시-장안면,경기도,화성시,장안면,302
