행정구역,시도명,시군구명,읍면동명,계
경상남도-양산시-물금읍,경상남도,양산시,물금읍,55858
경상남도-김해시-내동,경상남도,김해시,내동,28771
경상남도-진주시-가좌동,경상남도,진주시,가좌동,24032
경상남도-창원시 의창구-북면,경상남도,창원시 의창구,북면,23129
경상남도-김해시-내덕동,경상남도,김해시,내덕동,3925
경상남도-거제시-연초면,경상남도,거제시,연초면,2652
경상남도-사천시-죽림동,경상남도,사천시,죽림동,2524
경상남도-사천시-용현면,경상남도,사천시,용현면,1523
경상남도-의령군-부림면,경상남도,의령군,부림면,1479
경상남도-밀양시-하남읍,경상남도,밀양시,하남읍,838
경상남도-통영시-용남면,경상남도,통영시,용남면,826
경상남도-창원시 마산합포구-덕동동,경상남도,창원시 마산합포구,덕동동,821
경상남도-통영시-산양읍,경상남도,통영시,산양읍,755
경상남도-함양군-안의면,경상남도,함양군,안의면,613
경상남도-사천시-봉남동,경상남도,사천시,봉남동,603
경상남도-함안군-함안면,경상남도,함안군,함안면,576
경상남도-거제시-둔덕면,경상남도,거제시,둔덕면,557
경상남도-밀양시-산외면,경상남도,밀양시,산외면,538
경상남도-진주시-금곡면,경상남도,진주시,금곡면,527
경상남도-하동군-금남면,경상남도,하동군,금남면,484
경상남도-남해군-삼동면,경상남도,남해군,삼동면,462
경상남도-합천군-적중면,경상남도,합천군,적중면,396
경상남도-창원시 마산합포구-구산면,경상남도,창원시 마산합포구,구산면,374
경상남도-창녕군-영산면,경상남도,창녕군,영산면,359
경상남도-진주시-대곡면,경상남도,진주시,대곡면,355
경상남도-김해시-대동면,경상남도,김해시,대동면,346
경상남도-거창군-북상면,경상남도,거창군,북상면,337
경상남도-거창군-마리면,경상남도,거창군,마리면,311
경상남도-거창군-북상면,경상남도,거창군,북상면,300
