행정구역,시도명,시군구명,읍면동명,계
광주광역시-서구-풍암동,광주광역시,서구,풍암동,36233
광주광역시-북구-신용동,광주광역시,북구,신용동,29527
광주광역시-동구-산수동,광주광역시,동구,산수동,18878
광주광역시-북구-삼각동,광주광역시,북구,삼각동,13826
광주광역시-동구-월남동,광주광역시,동구,월남동,3574
광주광역시-광산구-지죽동,광주광역시,광산구,지죽동,705
광주광역시-서구-벽진동,광주광역시,서구,벽진동,494
광주광역시-남구-구소동,광주광역시,남구,구소동,319
